{"cameraMode":{"drawMode":0,"name":"Shaded","section":"Shading Mode"},"sceneLighting":true,"audioPlay":false,"sceneViewState":{"m_AlwaysRefresh":false,"showFog":true,"showSkybox":true,"showFlares":true,"showImageEffects":true,"showParticleSystems":true,"showVisualEffectGraphs":true,"m_FxEnabled":true},"in2DMode":false,"pivot":{"x":-19.580781936645509,"y":6.790838241577148,"z":11.017696380615235},"rotation":{"x":-0.036604080349206927,"y":0.904170572757721,"z":-0.0791439637541771,"w":-0.41817814111709597},"size":20.909685134887697,"orthographic":false}